{"times": [[1, 1.7763395309448242], [2, 1.5548672676086426], [3, 1.5053255558013916], [4, 1.8786637783050537], [5, 1.693361759185791]], "losses": [[1, 2.4356155549176037], [2, 2.432694968767464], [3, 2.4214120148681104], [4, 2.418325986713171], [5, 2.4089141534641385]], "cluster_quality": [[1, 0.003718188428054442], [2, 0.007395355968928987], [3, 0.0078186437512715], [4, 0.010142602576661948], [5, 0.013212791254868366]], "params": {"input": "./data/politician_edges.csv", "embedding_output": "./output/embeddings/politician_embedding.csv", "cluster_mean_output": "./output/cluster_means/politician_means.csv", "log_output": "./output/logs/politician.json", "assignment_output": "./output/assignments/politician.json", "dump_matrices": true, "model": "DeepWalk", "P": 1, "Q": 1, "walker": "first", "dimensions": 16, "random_walk_length": 80, "num_of_walks": 5, "window_size": 5, "distortion": 0.75, "negative_sample_number": 10, "initial_learning_rate": 0.01, "minimal_learning_rate": 0.001, "annealing_factor": 1, "initial_gamma": 0.1, "final_gamma": 0.5, "lambd": 0.0625, "cluster_number": 16, "overlap_weighting": "normalized_overlap", "regularization_noise": 1e-08, "ricci_weights": "Compute", "ricci_alpha": 4.0}}