{"times": [[1, 6.5622336864471436], [2, 6.259454727172852], [3, 6.5582592487335205], [4, 6.613691806793213], [5, 6.55957818031311]], "losses": [[1, 1.4234669145301226], [2, 0.8499888214922374], [3, 0.7004154638732554], [4, 0.6430824954073705], [5, 0.5898409092914385]], "cluster_quality": [[1, 0.7569705023151433], [2, 0.78435349654458], [3, 0.7927346934587549], [4, 0.7919889945130137], [5, 0.7916552893761069]], "params": {"input": "./data/politician_edges.csv", "embedding_output": "./output/embeddings/politician_embedding.csv", "cluster_mean_output": "./output/cluster_means/politician_means.csv", "log_output": "./output/logs/politician.json", "assignment_output": "./output/assignments/politician.json", "dump_matrices": true, "model": "GEMSECWithRegularization", "P": 1, "Q": 1, "walker": "first", "dimensions": 16, "random_walk_length": 80, "num_of_walks": 5, "window_size": 5, "distortion": 0.75, "negative_sample_number": 10, "initial_learning_rate": 0.01, "minimal_learning_rate": 0.001, "annealing_factor": 1, "initial_gamma": 0.1, "final_gamma": 0.5, "lambd": 0.0625, "cluster_number": 20, "overlap_weighting": "normalized_overlap", "regularization_noise": 1e-08, "ricci_weights": "Compute", "ricci_alpha": 4.0}}