{"times": [[1, 18.126845598220825], [2, 17.9365713596344], [3, 17.860071659088135], [4, 17.90966773033142], [5, 17.97057342529297]], "losses": [[1, 1.1495662433566298], [2, 0.7921136646514497], [3, 0.7473882057053934], [4, 0.7091095589893286], [5, 0.6815935666089626]], "cluster_quality": [[1, 0.8141263035281503], [2, 0.8203262891514983], [3, 0.8211181685082243], [4, 0.816442724955053], [5, 0.8161359279622721]], "params": {"input": "data/politician_edges.csv", "embedding_output": "./output/embeddings/politician_embedding.csv", "cluster_mean_output": "./output/cluster_means/politician_means.csv", "log_output": "./output/logs/politician.json", "assignment_output": "./output/assignments/politician.json", "dump_matrices": true, "model": "GEMSECRicci", "P": 1, "Q": 1, "walker": "first", "dimensions": 16, "random_walk_length": 80, "num_of_walks": 5, "window_size": 5, "distortion": 0.75, "negative_sample_number": 10, "initial_learning_rate": 0.01, "minimal_learning_rate": 0.001, "annealing_factor": 1, "initial_gamma": 0.1, "final_gamma": 0.5, "lambd": 0.0625, "cluster_number": 20, "overlap_weighting": "normalized_overlap", "regularization_noise": 1e-08, "ricci_weights": "data/ricci/politician_curvatures.txt", "ricci_alpha": 4.0}}