{"times": [[1, 6.522625207901001], [2, 8.166656017303467], [3, 6.256218910217285], [4, 6.291637420654297], [5, 5.947307348251343]], "losses": [[1, 1.4487037571914703], [2, 0.8769679259167684], [3, 0.7066272700940048], [4, 0.6414865731678496], [5, 0.5993914501913487]], "cluster_quality": [[1, 0.7453769003467817], [2, 0.7633503144096891], [3, 0.7765667141132638], [4, 0.7846454449758993], [5, 0.7859087231906743]], "params": {"input": "./data/politician_edges.csv", "embedding_output": "./output/embeddings/politician_embedding.csv", "cluster_mean_output": "./output/cluster_means/politician_means.csv", "log_output": "./output/logs/politician.json", "assignment_output": "./output/assignments/politician.json", "dump_matrices": true, "model": "GEMSECWithRegularization", "P": 1, "Q": 1, "walker": "first", "dimensions": 16, "random_walk_length": 80, "num_of_walks": 5, "window_size": 5, "distortion": 0.75, "negative_sample_number": 10, "initial_learning_rate": 0.01, "minimal_learning_rate": 0.001, "annealing_factor": 1, "initial_gamma": 0.1, "final_gamma": 0.5, "lambd": 0.0625, "cluster_number": 20, "overlap_weighting": "normalized_overlap", "regularization_noise": 1e-08, "ricci_weights": "cora/cora_curvatures.txt", "ricci_alpha": 4.0}}