{"times": [[1, 10.068482637405396], [2, 9.849472761154175], [3, 9.920512199401855], [4, 10.104496002197266], [5, 9.667883157730103]], "losses": [[1, 1.112341932135211], [2, 0.7702862208191439], [3, 0.7307806013220733], [4, 0.701736843913665], [5, 0.663576155257794]], "cluster_quality": [[1, 0.8338380047868815], [2, 0.8383996762009172], [3, 0.8340225320124477], [4, 0.8316988410562461], [5, 0.8317200900078278]], "params": {"input": "./data/politician_edges.csv", "embedding_output": "./output/embeddings/politician_embedding.csv", "cluster_mean_output": "./output/cluster_means/politician_means.csv", "log_output": "./output/logs/politician.json", "assignment_output": "./output/assignments/politician.json", "dump_matrices": true, "model": "DeepWalkWithRegularization", "P": 1, "Q": 1, "walker": "first", "dimensions": 16, "random_walk_length": 80, "num_of_walks": 5, "window_size": 5, "distortion": 0.75, "negative_sample_number": 10, "initial_learning_rate": 0.01, "minimal_learning_rate": 0.001, "annealing_factor": 1, "initial_gamma": 0.1, "final_gamma": 0.5, "lambd": 0.0625, "cluster_number": 20, "overlap_weighting": "normalized_overlap", "regularization_noise": 1e-08}}