{"times": [[1, 9.48110580444336], [2, 9.202351570129395], [3, 9.158539533615112], [4, 9.178480863571167], [5, 9.182692766189575]], "losses": [[1, 1.2586655969969227], [2, 0.8892161468940566], [3, 0.8211979086648927], [4, 0.7775385251821106], [5, 0.7491973164321423]], "cluster_quality": [[1, 0.8509202931496654], [2, 0.8540889740687969], [3, 0.8490507693169971], [4, 0.8487077452766191], [5, 0.8518304751441361]], "params": {"input": "./data/politician_edges.csv", "embedding_output": "./output/embeddings/politician_embedding.csv", "cluster_mean_output": "./output/cluster_means/politician_means.csv", "log_output": "./output/logs/politician.json", "assignment_output": "./output/assignments/politician.json", "dump_matrices": true, "model": "Ricci", "P": 1, "Q": 1, "walker": "first", "dimensions": 16, "random_walk_length": 80, "num_of_walks": 5, "window_size": 5, "distortion": 0.75, "negative_sample_number": 10, "initial_learning_rate": 0.01, "minimal_learning_rate": 0.001, "annealing_factor": 1, "initial_gamma": 0.1, "final_gamma": 0.5, "lambd": 0.0625, "cluster_number": 20, "overlap_weighting": "normalized_overlap", "regularization_noise": 1e-08, "ricci_weights": "data/ricci/politician_curvatures.txt"}}